年QTR	地域名	指標	Steam	Glass	マルチバスケット	その他
2021 Q1	North America	販売数量（千台）	64	18	77	604
2021 Q1	North America	販売金額（百万円）	1766	455	2391	10419
2021 Q1	Europe	販売数量（千台）	49	14	78	523
2021 Q1	Europe	販売金額（百万円）	1270	333	2274	8473
2021 Q1	China	販売数量（千台）	128	40	65	615
2021 Q1	China	販売金額（百万円）	2519	722	1439	7564
2021 Q1	APAC ex-China	販売数量（千台）	26	12	32	394
2021 Q1	APAC ex-China	販売金額（百万円）	574	243	795	5437
2021 Q2	North America	販売数量（千台）	73	18	87	629
2021 Q2	North America	販売金額（百万円）	2021	457	2709	10891
2021 Q2	Europe	販売数量（千台）	54	15	92	551
2021 Q2	Europe	販売金額（百万円）	1404	357	2691	8959
2021 Q2	China	販売数量（千台）	145	52	86	655
2021 Q2	China	販売金額（百万円）	2862	941	1910	8087
2021 Q2	APAC ex-China	販売数量（千台）	31	19	40	415
2021 Q2	APAC ex-China	販売金額（百万円）	686	386	997	5748
2021 Q3	North America	販売数量（千台）	80	25	101	650
2021 Q3	North America	販売金額（百万円）	2221	636	3154	11296
2021 Q3	Europe	販売数量（千台）	59	23	99	575
2021 Q3	Europe	販売金額（百万円）	1538	550	2904	9385
2021 Q3	China	販売数量（千台）	157	66	89	664
2021 Q3	China	販売金額（百万円）	3108	1198	1982	8228
2021 Q3	APAC ex-China	販売数量（千台）	38	22	44	438
2021 Q3	APAC ex-China	販売金額（百万円）	844	448	1099	6090
2021 Q4	North America	販売数量（千台）	98	41	125	755
2021 Q4	North America	販売金額（百万円）	2729	1046	3916	13170
2021 Q4	Europe	販売数量（千台）	73	30	124	647
2021 Q4	Europe	販売金額（百万円）	1909	719	3648	10599
2021 Q4	China	販売数量（千台）	197	79	122	754
2021 Q4	China	販売金額（百万円）	3911	1438	2725	9378
2021 Q4	APAC ex-China	販売数量（千台）	51	25	60	503
2021 Q4	APAC ex-China	販売金額（百万円）	1136	510	1504	7019
2022 Q1	North America	販売数量（千台）	80	31	108	572
2022 Q1	North America	販売金額（百万円）	2234	794	3393	10015
2022 Q1	Europe	販売数量（千台）	64	23	102	511
2022 Q1	Europe	販売金額（百万円）	1678	553	3009	8402
2022 Q1	China	販売数量（千台）	169	70	98	590
2022 Q1	China	販売金額（百万円）	3365	1278	2195	7366
2022 Q1	APAC ex-China	販売数量（千台）	44	24	47	385
2022 Q1	APAC ex-China	販売金額（百万円）	983	491	1181	5393
2022 Q2	North America	販売数量（千台）	94	38	119	603
2022 Q2	North America	販売金額（百万円）	2633	976	3750	10597
2022 Q2	Europe	販売数量（千台）	75	32	115	519
2022 Q2	Europe	販売金額（百万円）	1973	772	3403	8566
2022 Q2	China	販売数量（千台）	188	87	118	590
2022 Q2	China	販売金額（百万円）	3754	1593	2651	7393
2022 Q2	APAC ex-China	販売数量（千台）	49	29	58	400
2022 Q2	APAC ex-China	販売金額（百万円）	1098	596	1462	5624
2022 Q3	North America	販売数量（千台）	111	51	141	614
2022 Q3	North America	販売金額（百万円）	3118	1313	4456	10831
2022 Q3	Europe	販売数量（千台）	87	38	128	543
2022 Q3	Europe	販売金額（百万円）	2295	919	3799	8995
2022 Q3	China	販売数量（千台）	207	95	128	626
2022 Q3	China	販売金額（百万円）	4146	1744	2884	7874
2022 Q3	APAC ex-China	販売数量（千台）	53	29	61	427
2022 Q3	APAC ex-China	販売金額（百万円）	1191	597	1542	6026
2022 Q4	North America	販売数量（千台）	136	59	164	700
2022 Q4	North America	販売金額（百万円）	3831	1524	5198	12394
2022 Q4	Europe	販売数量（千台）	102	42	153	615
2022 Q4	Europe	販売金額（百万円）	2699	1019	4554	10226
2022 Q4	China	販売数量（千台）	249	118	168	713
2022 Q4	China	販売金額（百万円）	5002	2173	3797	9001
2022 Q4	APAC ex-China	販売数量（千台）	66	41	83	490
2022 Q4	APAC ex-China	販売金額（百万円）	1487	847	2104	6940
2023 Q1	North America	販売数量（千台）	110	49	142	531
2023 Q1	North America	販売金額（百万円）	3108	1269	4514	9437
2023 Q1	Europe	販売数量（千台）	84	40	129	483
2023 Q1	Europe	販売金額（百万円）	2229	973	3851	8061
2023 Q1	China	販売数量（千台）	199	105	132	536
2023 Q1	China	販売金額（百万円）	4009	1939	2992	6792
2023 Q1	APAC ex-China	販売数量（千台）	56	36	65	383
2023 Q1	APAC ex-China	販売金額（百万円）	1266	746	1653	5445
2023 Q2	North America	販売数量（千台）	123	65	157	571
2023 Q2	North America	販売金額（百万円）	3486	1688	5005	10185
2023 Q2	Europe	販売数量（千台）	92	47	139	497
2023 Q2	Europe	販売金額（百万円）	2448	1147	4162	8326
2023 Q2	China	販売数量（千台）	230	120	160	565
2023 Q2	China	販売金額（百万円）	4647	2223	3637	7186
2023 Q2	APAC ex-China	販売数量（千台）	66	37	78	395
2023 Q2	APAC ex-China	販売金額（百万円）	1496	769	1989	5637
2023 Q3	North America	販売数量（千台）	133	69	180	574
2023 Q3	North America	販売金額（百万円）	3780	1798	5755	10277
2023 Q3	Europe	販売数量（千台）	105	49	159	523
2023 Q3	Europe	販売金額（百万円）	2803	1199	4774	8794
2023 Q3	China	販売数量（千台）	254	130	172	573
2023 Q3	China	販売金額（百万円）	5147	2415	3921	7315
2023 Q3	APAC ex-China	販売数量（千台）	74	43	81	406
2023 Q3	APAC ex-China	販売金額（百万円）	1682	896	2072	5815
2023 Q4	North America	販売数量（千台）	163	82	209	655
2023 Q4	North America	販売金額（百万円）	4646	2143	6702	11771
2023 Q4	Europe	販売数量（千台）	129	63	184	579
2023 Q4	Europe	販売金額（百万円）	3453	1546	5541	9772
2023 Q4	China	販売数量（千台）	309	169	214	624
2023 Q4	China	販売金額（百万円）	6280	3149	4893	7996
2023 Q4	APAC ex-China	販売数量（千台）	91	57	107	462
2023 Q4	APAC ex-China	販売金額（百万円）	2075	1191	2745	6642
2024 Q1	North America	販売数量（千台）	141	77	183	493
2024 Q1	North America	販売金額（百万円）	4031	2018	5885	8893
2024 Q1	Europe	販売数量（千台）	111	57	158	445
2024 Q1	Europe	販売金額（百万円）	2980	1403	4772	7538
2024 Q1	China	販売数量（千台）	257	142	179	489
2024 Q1	China	販売金額（百万円）	5239	2653	4105	6289
2024 Q1	APAC ex-China	販売数量（千台）	74	45	86	371
2024 Q1	APAC ex-China	販売金額（百万円）	1692	943	2213	5354
2024 Q2	North America	販売数量（千台）	159	86	197	517
2024 Q2	North America	販売金額（百万円）	4559	2260	6354	9360
2024 Q2	Europe	販売数量（千台）	120	59	167	467
2024 Q2	Europe	販売金額（百万円）	3231	1456	5059	7940
2024 Q2	China	販売数量（千台）	278	153	200	504
2024 Q2	China	販売金額（百万円）	5683	2867	4600	6507
2024 Q2	APAC ex-China	販売数量（千台）	82	52	101	388
2024 Q2	APAC ex-China	販売金額（百万円）	1881	1093	2606	5620
2024 Q3	North America	販売数量（千台）	171	89	221	516
2024 Q3	North America	販売金額（百万円）	4917	2346	7149	9377
2024 Q3	Europe	販売数量（千台）	131	68	192	483
2024 Q3	Europe	販売金額（百万円）	3538	1683	5833	8243
2024 Q3	China	販売数量（千台）	301	178	221	506
2024 Q3	China	販売金額（百万円）	6172	3345	5098	6557
2024 Q3	APAC ex-China	販売数量（千台）	90	60	106	394
2024 Q3	APAC ex-China	販売金額（百万円）	2070	1265	2743	5728
2024 Q4	North America	販売数量（千台）	207	120	266	598
2024 Q4	North America	販売金額（百万円）	5970	3172	8630	10908
2024 Q4	Europe	販売数量（千台）	154	88	220	542
2024 Q4	Europe	販売金額（百万円）	4171	2185	6703	9285
2024 Q4	China	販売数量（千台）	371	223	273	573
2024 Q4	China	販売金額（百万円）	7629	4204	6316	7453
2024 Q4	APAC ex-China	販売数量（千台）	112	69	133	444
2024 Q4	APAC ex-China	販売金額（百万円）	2584	1459	3452	6479
2025 Q1	North America	販売数量（千台）	167	100	223	451
2025 Q1	North America	販売金額（百万円）	4830	2651	7256	8257
2025 Q1	Europe	販売数量（千台）	129	69	188	419
2025 Q1	Europe	販売金額（百万円）	3504	1718	5745	7204
2025 Q1	China	販売数量（千台）	300	174	223	421
2025 Q1	China	販売金額（百万円）	6187	3289	5174	5496
2025 Q1	APAC ex-China	販売数量（千台）	95	58	108	346
2025 Q1	APAC ex-China	販売金額（百万円）	2198	1230	2811	5068
2025 Q2	North America	販売数量（千台）	184	105	240	468
2025 Q2	North America	販売金額（百万円）	5338	2792	7832	8600
2025 Q2	Europe	販売数量（千台）	145	76	199	435
2025 Q2	Europe	販売金額（百万円）	3950	1898	6099	7507
2025 Q2	China	販売数量（千台）	343	206	250	429
2025 Q2	China	販売金額（百万円）	7095	3906	5817	5621
2025 Q2	APAC ex-China	販売数量（千台）	108	70	125	362
2025 Q2	APAC ex-China	販売金額（百万円）	2506	1489	3263	5322
2025 Q3	North America	販売数量（千台）	207	124	271	466
2025 Q3	North America	販売金額（百万円）	6022	3307	8870	8596
2025 Q3	Europe	販売数量（千台）	162	91	225	434
2025 Q3	Europe	販売金額（百万円）	4426	2279	6916	7518
2025 Q3	China	販売数量（千台）	373	230	281	422
2025 Q3	China	販売金額（百万円）	7738	4374	6558	5550
2025 Q3	APAC ex-China	販売数量（千台）	115	74	135	378
2025 Q3	APAC ex-China	販売金額（百万円）	2677	1579	3535	5578
2025 Q4	North America	販売数量（千台）	256	155	326	522
2025 Q4	North America	販売金額（百万円）	7470	4146	10701	9664
2025 Q4	Europe	販売数量（千台）	194	105	260	499
2025 Q4	Europe	販売金額（百万円）	5316	2637	8015	8676
2025 Q4	China	販売数量（千台）	438	266	328	477
2025 Q4	China	販売金額（百万円）	9113	5073	7677	6297
2025 Q4	APAC ex-China	販売数量（千台）	136	87	163	428
2025 Q4	APAC ex-China	販売金額（百万円）	3175	1862	4280	6339